id,parent_id,title,info,seat,state
1,0,其它,0,0,1
2,1,2016新世纪英语专业综合教程1（第2版）.txt,0,999,1
3,1,2016新世纪英语专业综合教程2（第2版）.txt,0,999,1
4,1,2016新世纪英语专业综合教程3（第2版）.txt,0,999,1
5,1,2016新世纪英语专业综合教程4（第2版）.txt,0,999,1
6,1,2016新世纪英语专业综合教程5（第2版）.txt,0,999,1
7,1,2016新世纪英语专业综合教程6（第2版）.txt,0,999,1
8,1,2016朗文国际英语教程(Side by Side)第1册.txt,0,999,1
9,1,2016朗文国际英语教程(Side by Side)第2册.txt,0,999,1
10,1,2016朗文国际英语教程(Side by Side)第3册.txt,0,999,1
11,1,2016朗文国际英语教程(Side by Side)第4册.txt,0,999,1
12,1,2020年新型冠状病毒疫情.txt,0,999,1
13,1,2020非常词汇专攻难点.txt,0,999,1
14,1,MBA词汇正序版.txt,0,999,1
15,1,PETS全国等级考试教材第三级.txt,0,999,1
16,1,TIME单挑1000.txt,0,999,1
17,1,The Oxford 3000 - American.txt,0,999,1
18,1,The Oxford 3000 - English.txt,0,999,1
19,1,Wordly Wise 3000 Book 1.txt,0,999,1
20,1,Wordly Wise 3000 Book 10.txt,0,999,1
21,1,Wordly Wise 3000 Book 11.txt,0,999,1
22,1,Wordly Wise 3000 Book 12.txt,0,999,1
23,1,Wordly Wise 3000 Book 2.txt,0,999,1
24,1,Wordly Wise 3000 Book 3.txt,0,999,1
25,1,Wordly Wise 3000 Book 4.txt,0,999,1
26,1,Wordly Wise 3000 Book 5.txt,0,999,1
27,1,Wordly Wise 3000 Book 6.txt,0,999,1
28,1,Wordly Wise 3000 Book 7.txt,0,999,1
29,1,Wordly Wise 3000 Book 8.txt,0,999,1
30,1,Wordly Wise 3000 Book 9.txt,0,999,1
31,1,Wordly Wise 3000 Book K.txt,0,999,1
32,1,全国等级考试词汇必备第一级.txt,0,999,1
33,1,全国等级考试词汇必备第三级.txt,0,999,1
34,1,全国等级考试词汇必备第二级.txt,0,999,1
35,1,全国等级考试词汇必备第五级.txt,0,999,1
36,1,全国等级考试词汇必备第四级.txt,0,999,1
37,1,剑桥国际英语教程1.txt,0,999,1
38,1,剑桥国际英语教程2.txt,0,999,1
39,1,剑桥国际英语教程3.txt,0,999,1
40,1,剑桥国际英语教程入门级.txt,0,999,1
41,1,医学英语词汇.txt,0,999,1
42,1,单词密码：英语单词应该这样背.txt,0,999,1
43,1,抄你老师的英语单词笔记.txt,0,999,1
44,1,新世纪英语专业综合教程1（第2版）.txt,0,999,1
45,1,新世纪英语专业综合教程2（第2版）.txt,0,999,1
46,1,新世纪英语专业综合教程3（第2版）.txt,0,999,1
47,1,新世纪英语专业综合教程4（第2版）.txt,0,999,1
48,1,新世纪英语专业综合教程5（第2版）.txt,0,999,1
49,1,新世纪英语专业综合教程6（第2版）.txt,0,999,1
50,1,新概念英语第一册（新版）.txt,0,999,1
51,1,新概念英语第三册（新版）.txt,0,999,1
52,1,新概念英语第二册（新版）.txt,0,999,1
53,1,新概念英语第四册（新版）.txt,0,999,1
54,1,新概念英语青少版1A.txt,0,999,1
55,1,新概念英语青少版1B.txt,0,999,1
56,1,新概念英语青少版2A.txt,0,999,1
57,1,新概念英语青少版2B.txt,0,999,1
58,1,新概念英语青少版3A.txt,0,999,1
59,1,新概念英语青少版3B.txt,0,999,1
60,1,新概念英语青少版4A.txt,0,999,1
61,1,新概念英语青少版4B.txt,0,999,1
62,1,新概念英语青少版5A.txt,0,999,1
63,1,新概念英语青少版5B.txt,0,999,1
64,1,新概念英语青少版入门级A.txt,0,999,1
65,1,新概念英语青少版入门级B.txt,0,999,1
66,1,新英语多功能词典.txt,0,999,1
67,1,朗文3000常用交流词汇.txt,0,999,1
68,1,朗文国际英语教程(Side by Side)第1册.txt,0,999,1
69,1,朗文国际英语教程(Side by Side)第2册.txt,0,999,1
70,1,朗文国际英语教程(Side by Side)第3册.txt,0,999,1
71,1,朗文国际英语教程(Side by Side)第4册.txt,0,999,1
72,1,果然如词思维导图.txt,0,999,1
73,1,热词红宝书 第1版.txt,0,999,1
74,1,热词红宝书 第2版.txt,0,999,1
75,1,热词红宝书 第3版.txt,0,999,1
76,1,突破英文基础词汇.txt,0,999,1
77,1,突破英文词汇10000.txt,0,999,1
78,1,突破英文词汇22000.txt,0,999,1
79,1,突破英文词汇5000.txt,0,999,1
80,1,终极单词(1) - 变身口语达人3000词.txt,0,999,1
81,1,终极单词(2) - 成为英语学霸3000词.txt,0,999,1
82,1,终极单词(3) - 畅读英文报刊3000词.txt,0,999,1
83,1,终极单词(4) - 英语母语水平3000词.txt,0,999,1
84,1,美国当代语料库 10000.txt,0,999,1
85,1,美国当代语料库 15000.txt,0,999,1
86,1,美国当代语料库 20200.txt,0,999,1
87,1,美国当代语料库 5000.txt,0,999,1
88,1,职称英语考试词汇袋着走.txt,0,999,1
89,1,背单词，记住这200个词根词缀就够了.txt,0,999,1
90,1,英语词汇速记大全1：词根词缀记忆法.txt,0,999,1
91,1,英语词汇速记大全4：语境记忆法.txt,0,999,1
92,1,英语词组全书（上）.txt,0,999,1
93,1,英语（一）自学教程.txt,0,999,1
94,1,英语（二）自学教程.txt,0,999,1
95,1,词汇进阶 12000.txt,0,999,1
96,1,词汇进阶 23000.txt,0,999,1
97,1,词汇进阶 6000.txt,0,999,1
98,1,词汇进阶 BASIC.txt,0,999,1
99,0,出国,0,6,1
100,99,14天攻克KET核心词汇.txt,0,999,1
101,99,2011GMAT词汇精选.txt,0,999,1
102,99,2011GRE核心词汇考法精析.txt,0,999,1
103,99,2012SAT词汇乱序版.txt,0,999,1
104,99,2013雅思词汇乱序版.txt,0,999,1
105,99,2015雅思词组必备.txt,0,999,1
106,99,2016GRE核心词汇考法精析.txt,0,999,1
107,99,2016雅思词汇胜经.txt,0,999,1
108,99,2017雅思词汇乱序版.txt,0,999,1
109,99,21天攻克PET核心词汇.txt,0,999,1
110,99,570个单词轻松征服托福.txt,0,999,1
111,99,7天搞定托福高频核心词.txt,0,999,1
112,99,7天搞定雅思高频核心词.txt,0,999,1
113,99,ACT必备核心词汇.txt,0,999,1
114,99,Academic Voc List (SM2).txt,0,999,1
115,99,BEC中级词汇精选.txt,0,999,1
116,99,BEC初级词汇精选.txt,0,999,1
117,99,BEC词汇乱序版.txt,0,999,1
118,99,BEC高级词汇精选.txt,0,999,1
119,99,BMC-SAT核心单词乱序版.txt,0,999,1
120,99,BMC-SAT核心单词顺序版.txt,0,999,1
121,99,BMC-托福必备词汇.txt,0,999,1
122,99,FCE核心词 巧记速练.txt,0,999,1
123,99,GMAT词汇  词以类记.txt,0,999,1
124,99,GMAT词汇精选.txt,0,999,1
125,99,GMAT高频核心词汇.txt,0,999,1
126,99,GRE巴朗词表第3版.txt,0,999,1
127,99,GRE核心词汇一本通.txt,0,999,1
128,99,GRE核心词汇考法精析.txt,0,999,1
129,99,GRE核心词汇考法精析便携版.txt,0,999,1
130,99,GRE词汇  词以类记.txt,0,999,1
131,99,GRE词汇精选乱序版.txt,0,999,1
132,99,GRE词汇精选（NEW）.txt,0,999,1
133,99,GRE高分必备短语搭配.txt,0,999,1
134,99,GRE高频真词表.txt,0,999,1
135,99,GRE高频真词表便携版.txt,0,999,1
136,99,IELTS词汇词以类记.txt,0,999,1
137,99,KET核心词 巧记速练.txt,0,999,1
138,99,Magoosh GRE Vocabulary 1000.txt,0,999,1
139,99,PET核心词 巧记速练.txt,0,999,1
140,99,SAT巴朗词表乱序版.txt,0,999,1
141,99,SAT词汇乱序版.txt,0,999,1
142,99,TOEFL45天突破版.txt,0,999,1
143,99,TOEFLiBT  词以类记.txt,0,999,1
144,99,TOEFLiBT  词以类记2.0.txt,0,999,1
145,99,TOEFL核心词汇21天突破.txt,0,999,1
146,99,TOEFL词汇.txt,0,999,1
147,99,TOEFL词汇乱序版.txt,0,999,1
148,99,TOEFL词汇正序版.txt,0,999,1
149,99,TOEIC 990分核心词汇.txt,0,999,1
150,99,剑桥雅思词汇精典.txt,0,999,1
151,99,单词密码雅思词汇记忆法.txt,0,999,1
152,99,形象记忆SAT核心词汇.txt,0,999,1
153,99,托业词汇正序版.txt,0,999,1
154,99,托福考试官方指南词汇必备.txt,0,999,1
155,99,托福词汇一本通.txt,0,999,1
156,99,托福词汇速记大全.txt,0,999,1
157,99,托福词组必备.txt,0,999,1
158,99,托福高频词汇精讲.txt,0,999,1
159,99,新托福iBT词汇分类突破.txt,0,999,1
160,99,新托福听力词汇小伴侣.txt,0,999,1
161,99,新托福官方指定核心词汇超详解.txt,0,999,1
162,99,核心3000词 SAT ACT 词汇一本通.txt,0,999,1
163,99,猴哥托福词频蓝宝书.txt,0,999,1
164,99,王冬梅雅思词汇过目不忘.txt,0,999,1
165,99,王陆807雅思词汇写作第2版.txt,0,999,1
166,99,王陆807雅思词汇口语第2版.txt,0,999,1
167,99,王陆807雅思词汇听力第2版.txt,0,999,1
168,99,王陆807雅思词汇阅读第2版.txt,0,999,1
169,99,雅思分级词汇21天进阶.txt,0,999,1
170,99,雅思标准词汇3800.txt,0,999,1
171,99,雅思标准词汇3800（第二版）.txt,0,999,1
172,99,雅思真词汇（第3版）.txt,0,999,1
173,99,雅思真词汇（第4版）.txt,0,999,1
174,99,雅思真词汇（第5版）.txt,0,999,1
175,99,雅思真词汇（第6版）.txt,0,999,1
176,99,雅思词汇乱序便携版.txt,0,999,1
177,99,雅思词汇乱序版.txt,0,999,1
178,99,雅思词汇加强版.txt,0,999,1
179,99,雅思词汇念念不忘乱序版.txt,0,999,1
180,99,雅思词汇真经.txt,0,999,1
181,99,雅思词汇胜经.txt,0,999,1
182,99,雅思词组必备.txt,0,999,1
183,99,鸭圈GRE真题词.txt,0,999,1
184,99,鸭圈托福核心词.txt,0,999,1
185,99,鸭圈雅思核心词.txt,0,999,1
186,0,初中,0,2,1
187,186, 2016初中词汇乱序版.txt,0,62,1
188,186, 20天背完中考核心词汇.txt,0,63,1
189,186, 5·3中考英语核心词汇.txt,0,64,1
190,186, 上海市初中英语教学基本要求.txt,0,68,1
191,186, 人教版初中九年级.txt,0,134,1
192,186, 人教版初中八年级下册.txt,0,133,1
193,186, 人教版初中英语七年级上册.txt,0,1,1
194,186, 人教版初中英语七年级下册.txt,0,2,1
195,186, 人教版初中英语九年级全册.txt,0,6,1
196,186, 人教版初中英语八年级上册.txt,0,3,1
197,186, 人教版初中英语八年级下册.txt,0,4,1
198,186, 仁爱版初中英语七年级上册.txt,0,8,1
199,186, 仁爱版初中英语七年级下册.txt,0,9,1
200,186, 仁爱版初中英语九年级上册.txt,0,12,1
201,186, 仁爱版初中英语九年级下册.txt,0,13,1
202,186, 仁爱版初中英语八年级上册.txt,0,10,1
203,186, 仁爱版初中英语八年级下册.txt,0,11,1
204,186, 冀教版三年级起点七年级上册.txt,0,14,1
205,186, 冀教版三年级起点七年级下册.txt,0,15,1
206,186, 冀教版三年级起点九年级全册.txt,0,18,1
207,186, 冀教版三年级起点八年级上册.txt,0,16,1
208,186, 冀教版三年级起点八年级下册.txt,0,17,1
209,186, 初中考点精练英语词汇（中考）.txt,0,66,1
210,186, 初中英语大纲词汇.txt,0,67,1
211,186, 初中英语常考短语.txt,0,65,1
212,186, 初中英语词汇乱序便携版.txt,0,60,1
213,186, 初中词汇乱序版.txt,0,59,1
214,186, 初中词汇正序版.txt,0,61,1
215,186, 北师大版初中英语七年级上册.txt,0,19,1
216,186, 北师大版初中英语七年级下册.txt,0,20,1
217,186, 北师大版初中英语九年级全一册.txt,0,23,1
218,186, 北师大版初中英语八年级上册.txt,0,21,1
219,186, 北师大版初中英语八年级下册.txt,0,22,1
220,186, 外研版初中英语七年级上册.txt,0,135,1
221,186, 外研版初中英语七年级下册.txt,0,136,1
222,186, 外研版初中英语九年级上册.txt,0,139,1
223,186, 外研版初中英语九年级下册.txt,0,140,1
224,186, 外研版初中英语八年级上册.txt,0,137,1
225,186, 外研版初中英语八年级下册.txt,0,138,1
226,186, 外研社初中英语七年级上册.txt,0,30,1
227,186, 外研社初中英语七年级下册.txt,0,31,1
228,186, 外研社初中英语九年级上册.txt,0,34,1
229,186, 外研社初中英语九年级下册.txt,0,35,1
230,186, 外研社初中英语八年级上册.txt,0,32,1
231,186, 外研社初中英语八年级下册.txt,0,33,1
232,186, 沪教版牛津英语七年级上册.txt,0,141,1
233,186, 沪教版牛津英语七年级下册.txt,0,142,1
234,186, 沪教版牛津英语九年级上册.txt,0,145,1
235,186, 沪教版牛津英语九年级下册.txt,0,146,1
236,186, 沪教版牛津英语八年级上册.txt,0,143,1
237,186, 沪教版牛津英语八年级下册.txt,0,144,1
238,186, 牛津上海版七年级上册.txt,0,42,1
239,186, 牛津上海版七年级下册.txt,0,43,1
240,186, 牛津上海版九年级上册.txt,0,46,1
241,186, 牛津上海版九年级下册.txt,0,47,1
242,186, 牛津上海版八年级上册.txt,0,44,1
243,186, 牛津上海版八年级下册.txt,0,45,1
244,186, 译林版牛津英语七年级上册.txt,0,48,1
245,186, 译林版牛津英语七年级下册.txt,0,49,1
246,186, 译林版牛津英语九年级上册.txt,0,52,1
247,186, 译林版牛津英语九年级下册.txt,0,53,1
248,186, 译林版牛津英语八年级上册.txt,0,50,1
249,186, 译林版牛津英语八年级下册.txt,0,51,1
250,186, 鲁教版五四学制七年级上册.txt,0,54,1
251,186, 鲁教版五四学制七年级下册.txt,0,55,1
252,186, 鲁教版五四学制九年级全册.txt,0,58,1
253,186, 鲁教版五四学制八年级上册.txt,0,56,1
254,186, 鲁教版五四学制八年级下册.txt,0,57,1
255,0,大学,0,4,1
256,255,1～6级词汇重点难点全突破.txt,0,999,1
257,255,2010专八词汇正序版.txt,0,999,1
258,255,2010星火四级词汇必背乱序版.txt,0,999,1
259,255,2011六级词汇便携版.txt,0,999,1
260,255,2013专八词汇乱序版.txt,0,999,1
261,255,2013四级词汇乱序版.txt,0,999,1
262,255,2013四级词汇便携版.txt,0,999,1
263,255,2013四级词汇正序版.txt,0,999,1
264,255,2014专四词汇乱序版.txt,0,999,1
265,255,2014六级词汇乱序版.txt,0,999,1
266,255,2014思思大王六级一笑而过.txt,0,999,1
267,255,2015华研专四词汇突破8000.txt,0,999,1
268,255,2016同等学力人员考试词汇.txt,0,999,1
269,255,2017十天搞定六级词汇便携版.txt,0,999,1
270,255,20天背完六级核心词汇.txt,0,999,1
271,255,20天背完四级核心词汇.txt,0,999,1
272,255,21世纪大学英语综合教程1（S版）.txt,0,999,1
273,255,21世纪大学英语综合教程2（S版）.txt,0,999,1
274,255,21世纪大学英语综合教程3（S版）.txt,0,999,1
275,255,21世纪大学英语综合教程4（S版）.txt,0,999,1
276,255,21天突破英语专4核心词汇.txt,0,999,1
277,255,4级词汇词以类记.txt,0,999,1
278,255,6级词汇词以类记.txt,0,999,1
279,255,PASS六级词汇乱序版.txt,0,999,1
280,255,专八词汇乱序版.txt,0,999,1
281,255,专八词汇便携版.txt,0,999,1
282,255,专八词汇正序版.txt,0,999,1
283,255,专八词汇词以类记.txt,0,999,1
284,255,专升本英语词汇40天一本通.txt,0,999,1
285,255,专四词汇乱序版.txt,0,999,1
286,255,专四词汇便携版.txt,0,999,1
287,255,专四词汇正序版.txt,0,999,1
288,255,专四词汇词以类记.txt,0,999,1
289,255,全国大学生英语竞赛必背词汇8000.txt,0,999,1
290,255, 全新版大学英语综合教程1（第二版）.txt,0,135,1
291,255, 全新版大学英语综合教程2（第二版）.txt,0,136,1
292,255, 全新版大学英语综合教程3（第二版）.txt,0,137,1
293,255, 全新版大学英语综合教程4（第二版）.txt,0,138,1
294,255, 全新版大学英语综合教程5（第二版）.txt,0,139,1
295,255, 全新版大学英语综合教程6（第二版）.txt,0,140,1
296,255, 全新版大学进阶英语综合教程1.txt,0,141,1
297,255, 全新版大学进阶英语综合教程2.txt,0,142,1
298,255, 全新版大学进阶英语综合教程3.txt,0,143,1
299,255, 全新版大学进阶英语综合教程4.txt,0,144,1
300,255, 全新版大学进阶英语视听说教程1.txt,0,145,1
301,255, 全新版大学进阶英语视听说教程2.txt,0,146,1
302,255, 全新版大学进阶英语视听说教程3.txt,0,147,1
303,255, 全新版大学进阶英语视听说教程4.txt,0,148,1
304,255,六级新大纲词汇表.txt,0,999,1
305,255,六级核心词汇分类速记版.txt,0,999,1
306,255,六级核心高频词汇突破.txt,0,999,1
307,255,六级词汇乱序版.txt,0,999,1
308,255,六级词汇便携版.txt,0,999,1
309,255,六级词汇分级应用大全.txt,0,999,1
310,255,六级词汇分频精讲速记.txt,0,999,1
311,255,六级词汇念念不忘便携本.txt,0,999,1
312,255,六级词汇念念不忘基础本.txt,0,999,1
313,255,六级词汇念念不忘阅读本.txt,0,999,1
314,255,六级词汇正序版.txt,0,999,1
315,255,六级词汇闪过乱序版.txt,0,999,1
316,255, 前景大学英语综合教程1（基础版）.txt,0,149,1
317,255, 前景大学英语综合教程2（基础版）.txt,0,150,1
318,255, 前景大学英语综合教程3（基础版）.txt,0,151,1
319,255,十天搞定专四词汇便携版.txt,0,999,1
320,255,十天搞定六级词汇便携版.txt,0,999,1
321,255,十天搞定四级词汇便携版.csv,0,999,1
322,255,十天搞定四级词汇便携版.txt,0,999,1
323,255,华研专八词汇突破13000.txt,0,999,1
324,255,华研专四词汇突破8000.txt,0,999,1
325,255,华研淘金专业4级周计划卡片.txt,0,999,1
326,255,四六级常考核心词组1500.txt,0,999,1
327,255,四六级常考词组必备.txt,0,999,1
328,255,四级新大纲词汇表.txt,0,999,1
329,255,四级词汇乱序便携版.txt,0,999,1
330,255,四级词汇乱序版.txt,0,999,1
331,255,四级词汇便携版.txt,0,999,1
332,255,四级词汇分频精讲速记.txt,0,999,1
333,255,四级词汇念念不忘.txt,0,999,1
334,255,四级词汇正序版.txt,0,999,1
335,255,四级词汇闪过.txt,0,999,1
336,255,四级高频词汇2000.txt,0,999,1
337,255,墨墨六级深度记忆宝典 全部单词.txt,0,999,1
338,255,墨墨六级深度记忆宝典 核心词.txt,0,999,1
339,255,墨墨四级深度记忆宝典 全部单词.txt,0,999,1
340,255,墨墨四级深度记忆宝典 核心词.txt,0,999,1
341,255, 大学体验英语综合教程上册（第四版）.txt,0,152,1
342,255, 大学体验英语综合教程下册（第四版）.txt,0,153,1
343,255,大学四级考试词汇黑白记忆.txt,0,999,1
344,255,大学生英语竞赛C类本科生核心词汇2000.txt,0,999,1
345,255,大学英语六级考试大纲.txt,0,999,1
346,255,大学英语四级考试大纲.txt,0,999,1
347,255, 大学英语基础教程1（第三版）.txt,0,154,1
348,255, 大学英语基础教程2（第三版）.txt,0,155,1
349,255, 大学英语基础教程3（第三版）.txt,0,156,1
350,255, 大学英语基础教程4（第三版）.txt,0,157,1
351,255, 大学英语精读1（第三版）.txt,0,158,1
352,255, 大学英语精读2（第三版）.txt,0,159,1
353,255, 大学英语精读3（第三版）.txt,0,160,1
354,255, 大学英语精读4（第三版）.txt,0,161,1
355,255, 大学英语精读5（第三版）.txt,0,162,1
356,255, 大学英语精读6（第三版）.txt,0,163,1
357,255,如鱼得水专八词汇语境记忆.txt,0,999,1
358,255,如鱼得水专四词汇语境记忆.txt,0,999,1
359,255,思思大王六级一笑而过.txt,0,999,1
360,255,思思大王六级一笑而过（白金版）.txt,0,999,1
361,255,思思大王四级一笑而过.txt,0,999,1
362,255,思思大王四级一笑而过（白金版）.txt,0,999,1
363,255,恋练有词六级词汇.txt,0,999,1
364,255,恋练有词六级词汇高分锦囊.txt,0,999,1
365,255,恋练有词四级词汇.txt,0,999,1
366,255,成人本科学士学位英语水平考试大纲.txt,0,999,1
367,255,成人本科词汇正序版.txt,0,999,1
368,255, 新一代大学英语综合教程1基础篇.txt,0,164,1
369,255, 新一代大学英语综合教程2基础篇.txt,0,165,1
370,255, 新世纪大学英语综合教程1（第二版）.txt,0,166,1
371,255, 新世纪大学英语综合教程2（第二版）.txt,0,167,1
372,255, 新世纪大学英语综合教程3（第二版）.txt,0,168,1
373,255, 新世纪大学英语综合教程4（第二版）.txt,0,169,1
374,255, 新标准大学英语综合教程1.txt,0,170,1
375,255, 新标准大学英语综合教程1（第二版）.txt,0,174,1
376,255, 新标准大学英语综合教程2.txt,0,171,1
377,255, 新标准大学英语综合教程2（第二版）.txt,0,175,1
378,255, 新标准大学英语综合教程3.txt,0,172,1
379,255, 新标准大学英语综合教程3（第二版）.txt,0,176,1
380,255, 新标准大学英语综合教程4.txt,0,173,1
381,255, 新标准大学英语综合教程4（第二版）.txt,0,177,1
382,255, 新目标大学英语综合教程1.txt,0,178,1
383,255, 新目标大学英语综合教程2.txt,0,179,1
384,255, 新目标大学英语综合教程3.txt,0,180,1
385,255, 新目标大学英语综合教程4.txt,0,181,1
386,255, 新编大学英语1（第二版）.txt,0,182,1
387,255, 新编大学英语2（第二版）.txt,0,183,1
388,255, 新编大学英语3（第二版）.txt,0,184,1
389,255, 新编大学英语4（第二版）.txt,0,185,1
390,255, 新视野大学英语读写教程1（第三版）.txt,0,186,1
391,255, 新视野大学英语读写教程2（第三版）.txt,0,187,1
392,255, 新视野大学英语读写教程3（第三版）.txt,0,188,1
393,255, 新视野大学英语读写教程4（第三版）.txt,0,189,1
394,255,星火4级巧记速记乱序版.txt,0,999,1
395,255,星火6级词汇周计划Superbook.txt,0,999,1
396,255,星火6级词汇必背.txt,0,999,1
397,255,星火AB级词汇必背.txt,0,999,1
398,255,星火专8巧记速记.txt,0,999,1
399,255,星火专四大纲词汇表.txt,0,999,1
400,255,星火专四词汇巧记速记.txt,0,999,1
401,255,星火专四词汇必背乱序版.txt,0,999,1
402,255,星火全新专4词汇周计划.txt,0,999,1
403,255,星火全新专8词汇周计划.txt,0,999,1
404,255,星火全新专8词汇必背.txt,0,999,1
405,255,星火六级巧记速记.txt,0,999,1
406,255,星火六级巧记速记乱序版.txt,0,999,1
407,255,星火四级大纲词汇表.txt,0,999,1
408,255,星火四级巧记速记.txt,0,999,1
409,255,星火四级词汇必背乱序版.txt,0,999,1
410,255,星火新题型6级词汇周计划.txt,0,999,1
411,255,星火艾峰六级词汇周计划（新大纲）.txt,0,999,1
412,255,星火艾派六级词汇周计划.txt,0,999,1
413,255,星火艾锋四级词汇周计划.txt,0,999,1
414,255,星火英语四级词汇周计划Superbook.txt,0,999,1
415,255,星火词汇必背4级乱序版.txt,0,999,1
416,255,星火词网六级新大纲.txt,0,999,1
417,255,星火高考词汇必背乱序版.txt,0,999,1
418,255,淘金4级分频周计划乱序版.txt,0,999,1
419,255,淘金4级词汇连环记乱序版.txt,0,999,1
420,255,淘金6级分频周计划乱序版.txt,0,999,1
421,255,淘金式巧攻大学词汇4级分册.txt,0,999,1
422,255,现代大学英语全程辅导精读5（第二版）.txt,0,999,1
423,255,考拉进阶4级词汇周计划.txt,0,999,1
424,255,考虫六级单词的减法.txt,0,999,1
425,255,考虫四级单词的减法.txt,0,999,1
426,255,英语专业八级大纲词汇.txt,0,999,1
427,255,英语专业四级大纲词汇.txt,0,999,1
428,255,英语专业四级词汇周计划.txt,0,999,1
429,255,英语四六级考试词汇必备.txt,0,999,1
430,255,英语综合教程(修订版)学生用书第二册.txt,0,999,1
431,255,英语词汇的奥秘（六级版）.txt,0,999,1
432,255,读名著学专四词汇.txt,0,999,1
433,255, 高级英语1（第三版）.txt,0,190,1
434,255, 高级英语2（第三版）.txt,0,191,1
435,255,黄皮书六级大纲词汇背诵宝典.txt,0,999,1
436,0,小学,0,1,1
437,436, JOIN版剑桥小学英语三年级上册.txt,0,181,1
438,436, JOIN版剑桥小学英语三年级下册.txt,0,182,1
439,436, JOIN版剑桥小学英语五年级上册.txt,0,185,1
440,436, JOIN版剑桥小学英语五年级下册.txt,0,186,1
441,436, JOIN版剑桥小学英语六年级上册.txt,0,187,1
442,436, JOIN版剑桥小学英语六年级下册.txt,0,188,1
443,436, JOIN版剑桥小学英语四年级上册.txt,0,183,1
444,436, JOIN版剑桥小学英语四年级下册.txt,0,184,1
445,436, 人教版一年级起点一年级上.txt,0,1,1
446,436, 人教版一年级起点一年级下.txt,0,2,1
447,436, 人教版一年级起点三年级上.txt,0,5,1
448,436, 人教版一年级起点三年级下.txt,0,6,1
449,436, 人教版一年级起点二年级上.txt,0,3,1
450,436, 人教版一年级起点二年级下.txt,0,4,1
451,436, 人教版一年级起点五年级上.txt,0,9,1
452,436, 人教版一年级起点五年级下.txt,0,10,1
453,436, 人教版一年级起点六年级上.txt,0,11,1
454,436, 人教版一年级起点六年级下.txt,0,12,1
455,436, 人教版一年级起点四年级上.txt,0,7,1
456,436, 人教版一年级起点四年级下.txt,0,8,1
457,436, 人教版三年级起点三年级上.txt,0,13,1
458,436, 人教版三年级起点三年级下.txt,0,14,1
459,436, 人教版三年级起点五年级上.txt,0,17,1
460,436, 人教版三年级起点五年级下.txt,0,18,1
461,436, 人教版三年级起点六年级上.txt,0,19,1
462,436, 人教版三年级起点六年级下.txt,0,20,1
463,436, 人教版三年级起点四年级上.txt,0,15,1
464,436, 人教版三年级起点四年级下.txt,0,16,1
465,436, 冀教版三年级起点三年级上.txt,0,21,1
466,436, 冀教版三年级起点三年级下.txt,0,22,1
467,436, 冀教版三年级起点五年级上.txt,0,25,1
468,436, 冀教版三年级起点五年级下.txt,0,26,1
469,436, 冀教版三年级起点六年级上.txt,0,27,1
470,436, 冀教版三年级起点六年级下.txt,0,28,1
471,436, 冀教版三年级起点四年级上.txt,0,23,1
472,436, 冀教版三年级起点四年级下.txt,0,24,1
473,436, 北京版一年级起点一年级上.txt,0,29,1
474,436, 北京版一年级起点一年级下.txt,0,30,1
475,436, 北京版一年级起点三年级上.txt,0,33,1
476,436, 北京版一年级起点三年级下.txt,0,34,1
477,436, 北京版一年级起点二年级上.txt,0,31,1
478,436, 北京版一年级起点二年级下.txt,0,32,1
479,436, 北京版一年级起点五年级上.txt,0,37,1
480,436, 北京版一年级起点五年级下.txt,0,38,1
481,436, 北京版一年级起点六年级上.txt,0,39,1
482,436, 北京版一年级起点六年级下.txt,0,40,1
483,436, 北京版一年级起点四年级上.txt,0,35,1
484,436, 北京版一年级起点四年级下.txt,0,36,1
485,436, 北师大版一年级起点一年级上.txt,0,41,1
486,436, 北师大版一年级起点一年级下.txt,0,42,1
487,436, 北师大版一年级起点三年级上.txt,0,45,1
488,436, 北师大版一年级起点三年级下.txt,0,46,1
489,436, 北师大版一年级起点二年级上.txt,0,43,1
490,436, 北师大版一年级起点二年级下.txt,0,44,1
491,436, 北师大版一年级起点五年级上.txt,0,49,1
492,436, 北师大版一年级起点五年级下.txt,0,50,1
493,436, 北师大版一年级起点六年级上.txt,0,51,1
494,436, 北师大版一年级起点六年级下.txt,0,52,1
495,436, 北师大版一年级起点四年级上.txt,0,47,1
496,436, 北师大版一年级起点四年级下.txt,0,48,1
497,436, 北师大版三年级起点三年级上.txt,0,53,1
498,436, 北师大版三年级起点三年级下.txt,0,54,1
499,436, 北师大版三年级起点五年级上.txt,0,57,1
500,436, 北师大版三年级起点五年级下.txt,0,58,1
501,436, 北师大版三年级起点六年级上.txt,0,59,1
502,436, 北师大版三年级起点六年级下.txt,0,60,1
503,436, 北师大版三年级起点四年级上.txt,0,55,1
504,436, 北师大版三年级起点四年级下.txt,0,56,1
505,436, 外研版一年级起点一年级上.txt,0,61,1
506,436, 外研版一年级起点一年级下.txt,0,62,1
507,436, 外研版一年级起点三年级上.txt,0,65,1
508,436, 外研版一年级起点三年级下.txt,0,66,1
509,436, 外研版一年级起点二年级上.txt,0,63,1
510,436, 外研版一年级起点二年级下.txt,0,64,1
511,436, 外研版一年级起点五年级上.txt,0,69,1
512,436, 外研版一年级起点五年级下.txt,0,70,1
513,436, 外研版一年级起点六年级上.txt,0,71,1
514,436, 外研版一年级起点六年级下.txt,0,72,1
515,436, 外研版一年级起点四年级上.txt,0,67,1
516,436, 外研版一年级起点四年级下.txt,0,68,1
517,436, 外研版三年级起点三年级上.txt,0,73,1
518,436, 外研版三年级起点三年级下.txt,0,74,1
519,436, 外研版三年级起点五年级上.txt,0,77,1
520,436, 外研版三年级起点五年级下.txt,0,78,1
521,436, 外研版三年级起点六年级上.txt,0,79,1
522,436, 外研版三年级起点六年级下.txt,0,80,1
523,436, 外研版三年级起点四年级上.txt,0,75,1
524,436, 外研版三年级起点四年级下.txt,0,76,1
525,436, 小学英语升学夺冠知识大集结.txt,0,189,1
526,436, 小学英语大纲词汇.txt,0,190,1
527,436, 广东版三年级起点三年级上.txt,0,81,1
528,436, 广东版三年级起点三年级下.txt,0,82,1
529,436, 广东版三年级起点五年级上.txt,0,85,1
530,436, 广东版三年级起点五年级下.txt,0,86,1
531,436, 广东版三年级起点六年级上.txt,0,87,1
532,436, 广东版三年级起点六年级下.txt,0,88,1
533,436, 广东版三年级起点四年级上.txt,0,83,1
534,436, 广东版三年级起点四年级下.txt,0,84,1
535,436, 广州版三年级起点三年级上.txt,0,89,1
536,436, 广州版三年级起点三年级下.txt,0,90,1
537,436, 广州版三年级起点五年级上.txt,0,93,1
538,436, 广州版三年级起点五年级下.txt,0,94,1
539,436, 广州版三年级起点六年级上.txt,0,95,1
540,436, 广州版三年级起点六年级下.txt,0,96,1
541,436, 广州版三年级起点四年级上.txt,0,91,1
542,436, 广州版三年级起点四年级下.txt,0,92,1
543,436, 教科版EEC三年级起点三年级上.txt,0,97,1
544,436, 教科版EEC三年级起点三年级下.txt,0,98,1
545,436, 教科版EEC三年级起点五年级上.txt,0,101,1
546,436, 教科版EEC三年级起点五年级下.txt,0,102,1
547,436, 教科版EEC三年级起点六年级上.txt,0,103,1
548,436, 教科版EEC三年级起点六年级下.txt,0,104,1
549,436, 教科版EEC三年级起点四年级上.txt,0,99,1
550,436, 教科版EEC三年级起点四年级下.txt,0,100,1
551,436, 沪教版三年级起点三年级上.txt,0,105,1
552,436, 沪教版三年级起点三年级下.txt,0,106,1
553,436, 沪教版三年级起点五年级上.txt,0,109,1
554,436, 沪教版三年级起点五年级下.txt,0,110,1
555,436, 沪教版三年级起点六年级上.txt,0,111,1
556,436, 沪教版三年级起点六年级下.txt,0,112,1
557,436, 沪教版三年级起点四年级上.txt,0,107,1
558,436, 沪教版三年级起点四年级下.txt,0,108,1
559,436, 湘少版三年级起点三年级上.txt,0,113,1
560,436, 湘少版三年级起点三年级下.txt,0,114,1
561,436, 湘少版三年级起点五年级上.txt,0,117,1
562,436, 湘少版三年级起点五年级下.txt,0,118,1
563,436, 湘少版三年级起点六年级上.txt,0,119,1
564,436, 湘少版三年级起点六年级下.txt,0,120,1
565,436, 湘少版三年级起点四年级上.txt,0,115,1
566,436, 湘少版三年级起点四年级下.txt,0,116,1
567,436, 牛津上海版一年级上册.txt,0,121,1
568,436, 牛津上海版一年级下册.txt,0,122,1
569,436, 牛津上海版三年级上册.txt,0,125,1
570,436, 牛津上海版三年级下册.txt,0,126,1
571,436, 牛津上海版二年级上册.txt,0,123,1
572,436, 牛津上海版二年级下册.txt,0,124,1
573,436, 牛津上海版五年级上册.txt,0,129,1
574,436, 牛津上海版五年级下册.txt,0,130,1
575,436, 牛津上海版六年级上册.txt,0,131,1
576,436, 牛津上海版六年级下册.txt,0,132,1
577,436, 牛津上海版四年级上册.txt,0,127,1
578,436, 牛津上海版四年级下册.txt,0,128,1
579,436, 科普版三年级起点三年级上.txt,0,133,1
580,436, 科普版三年级起点三年级下.txt,0,134,1
581,436, 科普版三年级起点五年级上.txt,0,137,1
582,436, 科普版三年级起点五年级下.txt,0,138,1
583,436, 科普版三年级起点六年级上.txt,0,139,1
584,436, 科普版三年级起点六年级下.txt,0,140,1
585,436, 科普版三年级起点四年级上.txt,0,135,1
586,436, 科普版三年级起点四年级下.txt,0,136,1
587,436, 译林版一年级上.txt,0,141,1
588,436, 译林版一年级下.txt,0,142,1
589,436, 译林版三年级起点三年级上.txt,0,145,1
590,436, 译林版三年级起点三年级下.txt,0,146,1
591,436, 译林版三年级起点五年级上.txt,0,149,1
592,436, 译林版三年级起点五年级下.txt,0,150,1
593,436, 译林版三年级起点六年级上.txt,0,151,1
594,436, 译林版三年级起点六年级下.txt,0,152,1
595,436, 译林版三年级起点四年级上.txt,0,147,1
596,436, 译林版三年级起点四年级下.txt,0,148,1
597,436, 译林版二年级上.txt,0,143,1
598,436, 译林版二年级下.txt,0,144,1
599,436, 译林版牛津小学英语1A.txt,0,153,1
600,436, 译林版牛津小学英语1B.txt,0,154,1
601,436, 译林版牛津小学英语2A.txt,0,155,1
602,436, 译林版牛津小学英语2B.txt,0,156,1
603,436, 闽教版三年级起点三年级上.txt,0,157,1
604,436, 闽教版三年级起点三年级下.txt,0,158,1
605,436, 闽教版三年级起点五年级上.txt,0,161,1
606,436, 闽教版三年级起点五年级下.txt,0,162,1
607,436, 闽教版三年级起点六年级上.txt,0,163,1
608,436, 闽教版三年级起点六年级下.txt,0,164,1
609,436, 闽教版三年级起点四年级上.txt,0,159,1
610,436, 闽教版三年级起点四年级下.txt,0,160,1
611,436, 陕西版三年级起点三年级上.txt,0,165,1
612,436, 陕西版三年级起点三年级下.txt,0,166,1
613,436, 陕西版三年级起点五年级上.txt,0,169,1
614,436, 陕西版三年级起点五年级下.txt,0,170,1
615,436, 陕西版三年级起点六年级上.txt,0,171,1
616,436, 陕西版三年级起点六年级下.txt,0,172,1
617,436, 陕西版三年级起点四年级上.txt,0,167,1
618,436, 陕西版三年级起点四年级下.txt,0,168,1
619,436, 鲁教版五四学制六年级上册.txt,0,179,1
620,436, 鲁教版五四学制六年级下册.txt,0,180,1
621,436, 鲁科版五四学制三年级上册.txt,0,173,1
622,436, 鲁科版五四学制三年级下册.txt,0,174,1
623,436, 鲁科版五四学制五年级上册.txt,0,177,1
624,436, 鲁科版五四学制五年级下册.txt,0,178,1
625,436, 鲁科版五四学制四年级上册.txt,0,175,1
626,436, 鲁科版五四学制四年级下册.txt,0,176,1
627,0,硕博,0,5,1
628,627,100个句子记完5500个考研单词.txt,0,999,1
629,627,100个句子记完7000个托福单词.txt,0,999,1
630,627,2013考研词汇便携版.txt,0,999,1
631,627,2013考研词汇正序版.txt,0,999,1
632,627,2014考研英语词汇红宝书.txt,0,999,1
633,627,2014考研词汇乱序版.txt,0,999,1
634,627,2015考研英语词汇红宝书.txt,0,999,1
635,627,2015考研词汇乱序版.txt,0,999,1
636,627,2016恋练有词考研英语词汇.txt,0,999,1
637,627,2016老蒋讲词汇考研英语（二）.txt,0,999,1
638,627,2016考研英语词汇红宝书.txt,0,999,1
639,627,2017何凯文考研英语必考词汇.txt,0,999,1
640,627,2017恋练有词考研词组背多分.txt,0,999,1
641,627,2017考研英语词汇强词有理.txt,0,999,1
642,627,2017考研英语词汇抢分速记蓝皮书.txt,0,999,1
643,627,2017考研英语词汇红宝书.txt,0,999,1
644,627,2017陈正康七天突破必考词组（第2版）.txt,0,999,1
645,627,2017陈正康考研分频第2版.txt,0,999,1
646,627,2017黄皮书考研二大纲词汇背诵宝典.txt,0,999,1
647,627,2018何凯文考研英语必考词汇.txt,0,999,1
648,627,2018刘一男考研词汇速记指南.txt,0,999,1
649,627,2018命题人预测8套卷考研英语（一）.txt,0,999,1
650,627,2018恋练有词考研英语词汇.txt,0,999,1
651,627,2018恋练有词考研词组背多分.txt,0,999,1
652,627,2018恋练有词考研高分锦囊.txt,0,999,1
653,627,2018硕士研究生英语（一）大纲词汇.txt,0,999,1
654,627,2018硕士研究生英语（二）大纲词汇.txt,0,999,1
655,627,2018考研英语词汇红宝书.txt,0,999,1
656,627,2018考研英语高分写作.txt,0,999,1
657,627,2018考研词汇闪过.txt,0,999,1
658,627,2018陈正康考研分频第3版.txt,0,999,1
659,627,2018黄皮书考研一大纲词汇背诵宝典.txt,0,999,1
660,627,2019何凯文考研英语必考词汇.txt,0,999,1
661,627,2019刘一男考研词汇速记指南.txt,0,999,1
662,627,2019华研考研英语二念念不忘便携本.txt,0,999,1
663,627,2019华研考研英语二念念不忘基础本.txt,0,999,1
664,627,2019华研考研英语二念念不忘阅读本.txt,0,999,1
665,627,2019恋练有词考研英语词汇.txt,0,999,1
666,627,2019恋练有词考研英语词组.txt,0,999,1
667,627,2019恋练有词考研高分锦囊.txt,0,999,1
668,627,2019李剑考研英语词汇真经.txt,0,999,1
669,627,2019研词考研词汇大全解.txt,0,999,1
670,627,2019硕士研究生英语（一）大纲词汇.txt,0,999,1
671,627,2019硕士研究生英语（二）大纲词汇.txt,0,999,1
672,627,2019老蒋8天搞定英二真题词汇.txt,0,999,1
673,627,2019考博词汇周计划.txt,0,999,1
674,627,2019考研英语词汇红宝书.txt,0,999,1
675,627,2019考研非常词汇圈定难点.txt,0,999,1
676,627,2019考研非常词汇基础薄弱专用.txt,0,999,1
677,627,2019考研非常词汇指明重点.txt,0,999,1
678,627,2019考研非常词汇理出弱点.txt,0,999,1
679,627,2019考研高频核心词汇速记.txt,0,999,1
680,627,2019陈正康考研分频第4版全册.txt,0,999,1
681,627,2020中公教育考研（一）词汇狂背.txt,0,999,1
682,627,2020中公教育考研（二）词汇狂背.txt,0,999,1
683,627,2020于慧考研真题100篇词汇分册.txt,0,999,1
684,627,2020何凯文考研英语必考词汇.txt,0,999,1
685,627,2020刘一男考研词汇速记指南.txt,0,999,1
686,627,2020刘晓艳你还在背“单”词吗.txt,0,999,1
687,627,2020华研考研英语一念念不忘便携本.txt,0,999,1
688,627,2020华研考研英语一念念不忘基础本.txt,0,999,1
689,627,2020华研考研英语一念念不忘阅读本.txt,0,999,1
690,627,2020华研考研英语二念念不忘便携本.txt,0,999,1
691,627,2020华研考研英语二念念不忘基础本.txt,0,999,1
692,627,2020华研考研英语二念念不忘阅读本.txt,0,999,1
693,627,2020墨墨 · 我的考研词汇笔记.txt,0,999,1
694,627,2020墨墨考研深度记忆宝典 1948.txt,0,999,1
695,627,2020墨墨考研深度记忆宝典.txt,0,999,1
696,627,2020恋练有词考研英语词汇.txt,0,999,1
697,627,2020恋练有词考研英语词组.txt,0,999,1
698,627,2020恋词熟词僻义识记与应用大全.txt,0,999,1
699,627,2020恋词考研7000词 主词.txt,0,999,1
700,627,2020恋词考研7000词 含派生词.txt,0,999,1
701,627,2020恋词考研7000词速刷手册.txt,0,999,1
702,627,2020恋词考研英语真题5500词.txt,0,999,1
703,627,2020李剑考研英语词汇真经.txt,0,999,1
704,627,2020王江涛考研英语（二）满分写作.txt,0,999,1
705,627,2020研词考研词汇大全解.txt,0,999,1
706,627,2020硕士研究生英语（一）大纲词汇.txt,0,999,1
707,627,2020硕士研究生英语（二）大纲词汇.txt,0,999,1
708,627,2020老蒋8天搞定英二真题词汇.txt,0,999,1
709,627,2020老蒋讲词汇考研英语（二）.txt,0,999,1
710,627,2020考博10000词汇速记手册口袋书.txt,0,999,1
711,627,2020考博词汇周计划.txt,0,999,1
712,627,2020考研一高分写作考前预测20篇.txt,0,999,1
713,627,2020考研二高分写作考前预测20篇.txt,0,999,1
714,627,2020考研英语词汇红宝书.txt,0,999,1
715,627,2020陈正康考研分频第5版上册.txt,0,999,1
716,627,2020陈正康考研分频第5版下册.txt,0,999,1
717,627,2020非常词汇基础薄弱专用.txt,0,999,1
718,627,2020非常词汇锁定重点.txt,0,999,1
719,627,2020马天艺考研英语单词之间.txt,0,999,1
720,627,2020黄皮书考研一大纲词汇背诵宝典.txt,0,999,1
721,627,2020黄皮书考研二大纲词汇背诵宝典.txt,0,999,1
722,627,2021何凯文考研英语必考词汇.txt,0,999,1
723,627,2021刘一男一张图搞定考研词汇5500.txt,0,999,1
724,627,2021刘晓艳 你还在背“单”词吗？.txt,0,999,1
725,627,2021单词的秘密 英语（一）.txt,0,999,1
726,627,2021单词的秘密 英语（二）.txt,0,999,1
727,627,2021墨墨考研深度记忆宝典 全部单词.txt,0,999,1
728,627,2021墨墨考研深度记忆宝典 核心词.txt,0,999,1
729,627,2021恋练有词考研英语词汇.txt,0,999,1
730,627,2021恋练有词考研英语词组.txt,0,999,1
731,627,2021恋词考研7000词 主词.txt,0,999,1
732,627,2021恋词考研7000词 含派生词.txt,0,999,1
733,627,2021恋词考研英语真题5500词.txt,0,999,1
734,627,2021研词考研词汇大全解.txt,0,999,1
735,627,2021硕士研究生英语（一）大纲词汇.txt,0,999,1
736,627,2021硕士研究生英语（二）大纲词汇.txt,0,999,1
737,627,2021考研真相基础研读版.txt,0,999,1
738,627,2021考研英语词汇红宝书.txt,0,999,1
739,627,2021考研英语高分写作.txt,0,999,1
740,627,2021考研英语（二）写作宝中宝.txt,0,999,1
741,627,2021考研英语（二）老蒋讲词汇.txt,0,999,1
742,627,2021考研词汇闪过.txt,0,999,1
743,627,2021考研词汇闪过明确难点.txt,0,999,1
744,627,2021陈正康考研基础词+生僻词.txt,0,999,1
745,627,2021陈正康考研英语带你记母词.txt,0,999,1
746,627,2021马天艺考研英语单词之间.txt,0,999,1
747,627,2021黄皮书考研一大纲词汇背诵宝典.txt,0,999,1
748,627,2021黄皮书考研二大纲词汇背诵宝典.txt,0,999,1
749,627,2022何凯文考研英语必考词汇.txt,0,999,1
750,627,2022刘晓艳 你还在背“单”词吗？.txt,0,999,1
751,627,2022墨墨考研深度记忆宝典 全部单词.txt,0,999,1
752,627,2022墨墨考研深度记忆宝典 核心词.txt,0,999,1
753,627,2022恋练有词考研英语词汇 含加分宝.txt,0,999,1
754,627,2022恋练有词考研英语词汇.txt,0,999,1
755,627,2022恋练有词考研英语词组.txt,0,999,1
756,627,2022恋词考研英语真题5500词.txt,0,999,1
757,627,2022考研英语7000词 主词.txt,0,999,1
758,627,2022考研英语7000词 含派生词.txt,0,999,1
759,627,2022考研英语真题5500词.txt,0,999,1
760,627,2022考研英语词汇红宝书.txt,0,999,1
761,627,2022考研英语高分写作.txt,0,999,1
762,627,2022考研英语高分写作小伴侣.txt,0,999,1
763,627,2022考研英语（二）老蒋讲真题词汇.txt,0,999,1
764,627,2022考研英语（二）老蒋讲词汇.txt,0,999,1
765,627,2022考研词汇乱序版.txt,0,999,1
766,627,2022考研词汇闪过.txt,0,999,1
767,627,2022马天艺考研英语单词之间.txt,0,999,1
768,627,2022黄皮书考研一大纲词汇背诵宝典.txt,0,999,1
769,627,2022黄皮书考研二大纲词汇背诵宝典.txt,0,999,1
770,627,20天突破考研英语核心短语.txt,0,999,1
771,627,20天背完考研英语二核心词汇.txt,0,999,1
772,627,22个故事搞定考研核心词汇.txt,0,999,1
773,627,中科院研究生硕士博士词汇速记.txt,0,999,1
774,627,于慧考研真题100篇词汇分册.txt,0,999,1
775,627,十天搞定考研词汇乱序版（第1版）.txt,0,999,1
776,627,十天搞定考研词汇乱序版（第2版附派生）.txt,0,999,1
777,627,十天搞定考研词汇乱序版（第2版）.txt,0,999,1
778,627,十天搞定考研词汇乱序版（第3版） 含派生词.txt,0,999,1
779,627,十天搞定考研词汇乱序版（第3版）.txt,0,999,1
780,627,十天搞定考研词汇便携版（第1版）.txt,0,999,1
781,627,十天搞定考研词汇便携版（第2版）.txt,0,999,1
782,627,十天搞定考研词汇便携版（第3版） 含派生词.txt,0,999,1
783,627,十天搞定考研词汇便携版（第3版）.txt,0,999,1
784,627,思思大王考研一笑而过（第1版）.txt,0,999,1
785,627,思思大王考研一笑而过（第2版）.txt,0,999,1
786,627,思思大王考研单词一笑而过（第2版）.txt,0,999,1
787,627,恋练有词熟词僻义速记大全 英语一.txt,0,999,1
788,627,恋练有词熟词僻义速记大全 英语二.txt,0,999,1
789,627,星火考研三三必刷词.txt,0,999,1
790,627,星火考研巧记速记.txt,0,999,1
791,627,星火考研英语大纲词汇表.txt,0,999,1
792,627,星火考研词汇核心突破.txt,0,999,1
793,627,星火考研（二）高频1283词.txt,0,999,1
794,627,海文考研分级词汇记忆宝典.txt,0,999,1
795,627,百练千词考研词汇分级应用大全.txt,0,999,1
796,627,考博词汇乱序版.txt,0,999,1
797,627,考博词汇便携版.txt,0,999,1
798,627,考博词汇正序版.txt,0,999,1
799,627,考研英语(二)词汇乱序版.txt,0,999,1
800,627,考研英语串串词.txt,0,999,1
801,627,考研英语大纲词汇5500.txt,0,999,1
802,627,考研英语大趋势 词汇抢分速记.txt,0,999,1
803,627,考研英语屠屠讲单词.txt,0,999,1
804,627,考研英语记词有树5500.txt,0,999,1
805,627,考研英语词汇的逻辑.txt,0,999,1
806,627,考研英语词汇词以类记.txt,0,999,1
807,627,考研英语词汇速记大全.txt,0,999,1
808,627,考研词汇乱序便携版.txt,0,999,1
809,627,考研词汇乱序版上册.txt,0,999,1
810,627,考研词汇乱序版下册.txt,0,999,1
811,627,考研词汇便携版.txt,0,999,1
812,627,考研词汇升级版上册.txt,0,999,1
813,627,考研词汇升级版下册.txt,0,999,1
814,627,考研词汇正序版上册.txt,0,999,1
815,627,考研词汇正序版下册.txt,0,999,1
816,627,考研词汇魔法书.txt,0,999,1
817,627,郭崇兴考研精读版.txt,0,999,1
818,627,阅读真题精讲 · 28分达考研（一）.txt,0,999,1
819,0,高中,0,3,1
820,819, 100个句子记完3500个高考单词.txt,0,83,1
821,819, 2014PASS图解速记高中词汇乱序版.txt,0,84,1
822,819, 2014高中英语词汇乱序便携版.txt,0,85,1
823,819, 2014高中英语词汇乱序版.txt,0,86,1
824,819, 2015PASS图解速记高中短语与句型.txt,0,87,1
825,819, 20天背完高考核心词汇.txt,0,88,1
826,819, 24天突破高考大纲词汇3500 主词.txt,0,89,1
827,819, 24天突破高考大纲词汇3500 含词汇扩充.txt,0,90,1
828,819, 24天突破高考英语必背短语.txt,0,91,1
829,819, Michael老师高考词汇（词群速记）.txt,0,92,1
830,819, PASS图解速记高中短语与句型.txt,0,93,1
831,819, PASS图解速记高中词汇乱序版.txt,0,94,1
832,819, PASS图解速记高中词汇正序版.txt,0,95,1
833,819, PASS巧记3500词.txt,0,96,1
834,819, PASS巧记活用3500词.txt,0,97,1
835,819, PASS高中英语同步词汇译林版.txt,0,98,1
836,819, PASS高中英语词汇乱序版.txt,0,99,1
837,819, Word It! 优先顺序高考单词.txt,0,100,1
838,819, 中学英语词汇速记速诀（高考）.txt,0,101,1
839,819, 人教版高中英语1 必修.txt,0,1,1
840,819, 人教版高中英语10 选修.txt,0,10,1
841,819, 人教版高中英语11 选修.txt,0,11,1
842,819, 人教版高中英语2 必修.txt,0,2,1
843,819, 人教版高中英语3 必修.txt,0,3,1
844,819, 人教版高中英语4 必修.txt,0,4,1
845,819, 人教版高中英语5 必修.txt,0,5,1
846,819, 人教版高中英语6 选修.txt,0,6,1
847,819, 人教版高中英语7 选修.txt,0,7,1
848,819, 人教版高中英语8 选修.txt,0,8,1
849,819, 人教版高中英语9 选修.txt,0,9,1
850,819, 人教版高中英语必修第一册.txt,0,12,1
851,819, 人教版高中英语必修第三册.txt,0,14,1
852,819, 人教版高中英语必修第二册.txt,0,13,1
853,819, 人教版高中英语选择性必修第一册.txt,0,15,1
854,819, 人教版高中英语选择性必修第三册.txt,0,17,1
855,819, 人教版高中英语选择性必修第二册.txt,0,16,1
856,819, 人教版高中英语选择性必修第四册.txt,0,18,1
857,819, 北师大版高中英语必修一.txt,0,19,1
858,819, 北师大版高中英语必修三.txt,0,21,1
859,819, 北师大版高中英语必修二.txt,0,20,1
860,819, 北师大版高中英语必修模块1.txt,0,22,1
861,819, 北师大版高中英语必修模块2.txt,0,23,1
862,819, 北师大版高中英语必修模块3.txt,0,24,1
863,819, 北师大版高中英语必修模块4.txt,0,25,1
864,819, 北师大版高中英语必修模块5.txt,0,26,1
865,819, 北师大版高中英语选修模块10.txt,0,31,1
866,819, 北师大版高中英语选修模块11.txt,0,32,1
867,819, 北师大版高中英语选修模块6.txt,0,27,1
868,819, 北师大版高中英语选修模块7.txt,0,28,1
869,819, 北师大版高中英语选修模块8.txt,0,29,1
870,819, 北师大版高中英语选修模块9.txt,0,30,1
871,819, 北师大版高中英语选择性必修一.txt,0,33,1
872,819, 北师大版高中英语选择性必修三.txt,0,35,1
873,819, 北师大版高中英语选择性必修二.txt,0,34,1
874,819, 华研高中词汇念念不忘乱序版.txt,0,102,1
875,819, 华研高中词汇念念不忘便携手册.txt,0,103,1
876,819, 及时雨高考英语词汇手册.txt,0,104,1
877,819, 名校名师高考英语考纲全攻略.txt,0,105,1
878,819, 外研版高中英语 必修1.txt,0,36,1
879,819, 外研版高中英语 必修2.txt,0,37,1
880,819, 外研版高中英语 必修3.txt,0,38,1
881,819, 外研版高中英语 必修4.txt,0,39,1
882,819, 外研版高中英语 必修5.txt,0,40,1
883,819, 外研版高中英语 选修10.txt,0,45,1
884,819, 外研版高中英语 选修11.txt,0,46,1
885,819, 外研版高中英语 选修6.txt,0,41,1
886,819, 外研版高中英语 选修7.txt,0,42,1
887,819, 外研版高中英语 选修8.txt,0,43,1
888,819, 外研版高中英语 选修9.txt,0,44,1
889,819, 外研版高中英语必修第一册.txt,0,58,1
890,819, 外研版高中英语必修第三册.txt,0,60,1
891,819, 外研版高中英语必修第二册.txt,0,59,1
892,819, 外研版高中英语选择性必修第一册.txt,0,61,1
893,819, 外研版高中英语选择性必修第二册.txt,0,62,1
894,819, 外研社高中英语 必修1.txt,0,47,1
895,819, 外研社高中英语 必修2.txt,0,48,1
896,819, 外研社高中英语 必修3.txt,0,49,1
897,819, 外研社高中英语 必修4.txt,0,50,1
898,819, 外研社高中英语 必修5.txt,0,51,1
899,819, 外研社高中英语 选修10.txt,0,56,1
900,819, 外研社高中英语 选修11.txt,0,57,1
901,819, 外研社高中英语 选修6.txt,0,52,1
902,819, 外研社高中英语 选修7.txt,0,53,1
903,819, 外研社高中英语 选修8.txt,0,54,1
904,819, 外研社高中英语 选修9.txt,0,55,1
905,819, 思思大王高考单词一笑而过.txt,0,106,1
906,819, 思思大王高考单词一笑而过（白金版）.txt,0,107,1
907,819, 恋练有词高考英语词汇上.txt,0,108,1
908,819, 恋练有词高考英语词汇下.txt,0,109,1
909,819, 星火抗遗忘高考词汇3500.txt,0,110,1
910,819, 星火最新高考必备.txt,0,111,1
911,819, 星火最新高考词汇必背乱序版.txt,0,112,1
912,819, 星火英语高考词汇随身记.txt,0,113,1
913,819, 星火高中英语同步词汇译林版.txt,0,114,1
914,819, 星火高中英语词汇乱序版.txt,0,115,1
915,819, 星火高考英语词汇巧记速记.txt,0,116,1
916,819, 星火高考词汇周计划.txt,0,117,1
917,819, 牛津上海版高一上.txt,0,63,1
918,819, 牛津上海版高一下.txt,0,64,1
919,819, 牛津上海版高三上.txt,0,67,1
920,819, 牛津上海版高三下.txt,0,68,1
921,819, 牛津上海版高二上.txt,0,65,1
922,819, 牛津上海版高二下.txt,0,66,1
923,819, 牛津高中英语（模块一）.txt,0,69,1
924,819, 牛津高中英语（模块七）.txt,0,75,1
925,819, 牛津高中英语（模块三）.txt,0,71,1
926,819, 牛津高中英语（模块九）.txt,0,77,1
927,819, 牛津高中英语（模块二）.txt,0,70,1
928,819, 牛津高中英语（模块五）.txt,0,73,1
929,819, 牛津高中英语（模块八）.txt,0,76,1
930,819, 牛津高中英语（模块六）.txt,0,74,1
931,819, 牛津高中英语（模块十一）.txt,0,79,1
932,819, 牛津高中英语（模块十）.txt,0,78,1
933,819, 牛津高中英语（模块四）.txt,0,72,1
934,819, 维克多新高中英语词汇.txt,0,118,1
935,819, 译林版高中英语必修第一册.txt,0,80,1
936,819, 译林版高中英语必修第三册.txt,0,82,1
937,819, 译林版高中英语必修第二册.txt,0,81,1
938,819, 颠覆高考词汇快速记忆图谱.txt,0,119,1
939,819, 高中英语常考短语与句型.txt,0,120,1
940,819, 高中英语词汇乱序便携版.txt,0,121,1
941,819, 高中英语词汇乱序版.txt,0,122,1
942,819, 高中英语词汇正序版.txt,0,123,1
943,819, 高中英语词汇高一版.txt,0,124,1
944,819, 高中英语词汇高二版.txt,0,125,1
945,819, 高考历年真题核心高频688.txt,0,126,1
946,819, 高考英语3500词汇考点助记.txt,0,127,1
947,819, 高考英语大纲词汇表.txt,0,128,1
948,819, 高考英语词汇大纲.txt,0,129,1
949,819, 高考英语词汇手册.txt,0,130,1
950,819, 高考英语词汇手册（上海卷）.txt,0,131,1
951,819, 高考词汇分频速记宝典.txt,0,132,1
952,819, 高考词汇分频速记宝典便携版.txt,0,133,1
953,819, 高考词汇闪过.txt,0,134,1
